GROUP,PACKAGE,CLASS,INSTRUCTION_MISSED,INSTRUCTION_COVERED,BRANCH_MISSED,BRANCH_COVERED,LINE_MISSED,LINE_COVERED,COMPLEXITY_MISSED,COMPLEXITY_COVERED,METHOD_MISSED,METHOD_COVERED
bank,com.hcl.bank.constants,FundtransferConstants,3,0,0,0,2,0,1,0,1,0
bank,com.hcl.bank.service,LoginServiceImpl,5,29,1,1,1,7,1,2,0,2
bank,com.hcl.bank.service,BenificiaryServiceImpl,5,179,1,21,1,43,1,12,0,2
bank,com.hcl.bank.service,RegistrationServiceImpl,25,137,5,5,5,35,5,3,0,3
bank,com.hcl.bank.service,TransactionServiceImpl,34,279,7,15,8,67,7,7,0,3
bank,com.hcl.bank.controller,LoginController,0,21,0,0,0,5,0,3,0,3
bank,com.hcl.bank.controller,RegistrationController,0,21,0,0,0,5,0,3,0,3
bank,com.hcl.bank.controller,BenificiaryController,0,21,0,0,0,5,0,3,0,3
bank,com.hcl.bank.controller,TransactionController,0,37,0,0,0,8,0,4,0,4
bank,com.hcl.bank.dto,BenificiaryRequestDto,21,45,0,0,1,8,1,13,1,13
bank,com.hcl.bank.dto,BenificiaryResponseDto,6,10,0,0,1,3,1,3,1,3
bank,com.hcl.bank.dto,RandomPasswordGenerator,0,46,0,2,0,9,0,5,0,4
bank,com.hcl.bank.dto,FundTransferResponseDto,4,6,0,0,1,2,1,2,1,2
bank,com.hcl.bank.dto,LoginRequestDto,9,17,0,0,1,4,1,5,1,5
bank,com.hcl.bank.dto,TransactionResponseDto,33,23,0,0,6,2,6,6,6,6
bank,com.hcl.bank.dto,UserRequestDto,18,38,0,0,1,7,1,11,1,11
bank,com.hcl.bank.dto,FundTransferRequestDto,0,24,0,0,0,5,0,7,0,7
bank,com.hcl.bank.dto,UserResponseDto,12,24,0,0,1,5,1,7,1,7
bank,com.hcl.bank.dto,LoginResponseDto,0,26,0,0,0,5,0,6,0,6
bank,com.hcl.bank.exception,ErrorResponse,26,0,0,0,5,0,6,0,6,0
bank,com.hcl.bank.exception,CommonException,0,4,0,0,0,2,0,1,0,1
bank,com.hcl.bank.exception,UserNotFoundException,4,0,0,0,2,0,1,0,1,0
bank,com.hcl.bank.exception,GlobalExceptionHandler,26,3,0,0,4,1,2,1,2,1
bank,com.hcl.bank,BankApplication,5,3,0,0,2,1,1,1,1,1
bank,com.hcl.bank.entity,User,18,48,0,0,6,5,6,13,6,13
bank,com.hcl.bank.entity,Transaction,6,46,0,0,2,7,2,13,2,13
bank,com.hcl.bank.entity,Benificiary,18,34,0,0,6,3,6,9,6,9
bank,com.hcl.bank.entity,Account,13,32,0,0,3,5,4,9,4,9
bank,com.hcl.bank.config,SwaggerConfig,0,14,0,0,0,6,0,2,0,2
